{"cameraMode":{"drawMode":0,"name":"Shaded","section":"Shading Mode"},"sceneLighting":false,"audioPlay":false,"sceneViewState":{"m_AlwaysRefresh":false,"showFog":true,"showSkybox":false,"showFlares":true,"showImageEffects":true,"showParticleSystems":true,"showVisualEffectGraphs":true,"m_FxEnabled":true},"in2DMode":false,"pivot":{"x":-1.5839725732803345,"y":3.4838404655456545,"z":-0.6689649224281311},"rotation":{"x":-0.0948309451341629,"y":-0.3331092894077301,"z":0.033693697303533557,"w":-0.9375005960464478},"size":1.8583221435546876,"orthographic":false}