{"cameraMode":{"drawMode":0,"name":"Shaded","section":"Shading Mode"},"sceneLighting":false,"audioPlay":false,"sceneViewState":{"m_AlwaysRefresh":false,"showFog":true,"showSkybox":false,"showFlares":true,"showImageEffects":true,"showParticleSystems":true,"showVisualEffectGraphs":true,"m_FxEnabled":true},"in2DMode":false,"pivot":{"x":1.1586925983428956,"y":2.9454762935638429,"z":0.5393719673156738},"rotation":{"x":-0.0948309451341629,"y":-0.3331092894077301,"z":0.033693697303533557,"w":-0.9375005960464478},"size":2.450808048248291,"orthographic":false}