{"cameraMode":{"drawMode":0,"name":"Shaded","section":"Shading Mode"},"sceneLighting":false,"audioPlay":false,"sceneViewState":{"m_AlwaysRefresh":false,"showFog":true,"showSkybox":false,"showFlares":true,"showImageEffects":true,"showParticleSystems":true,"showVisualEffectGraphs":true,"m_FxEnabled":true},"in2DMode":false,"pivot":{"x":0.7572609782218933,"y":-0.02556091547012329,"z":-0.11154603958129883},"rotation":{"x":0.0070095728151500229,"y":-0.9854609966278076,"z":0.1644064038991928,"w":0.0420125350356102},"size":7.5430498123168949,"orthographic":false}