{"cameraMode":{"drawMode":0,"name":"Shaded","section":"Shading Mode"},"sceneLighting":false,"audioPlay":false,"sceneViewState":{"m_AlwaysRefresh":false,"showFog":true,"showSkybox":false,"showFlares":true,"showImageEffects":true,"showParticleSystems":true,"showVisualEffectGraphs":true,"m_FxEnabled":true},"in2DMode":false,"pivot":{"x":0.06570012867450714,"y":1.852630853652954,"z":-0.5228803753852844},"rotation":{"x":0.018992817029356958,"y":0.979498028755188,"z":-0.16643455624580384,"w":0.1118234246969223},"size":2.957460641860962,"orthographic":false}