{"cameraMode":{"drawMode":0,"name":"Shaded","section":"Shading Mode"},"sceneLighting":false,"audioPlay":false,"sceneViewState":{"m_AlwaysRefresh":false,"showFog":true,"showSkybox":false,"showFlares":true,"showImageEffects":true,"showParticleSystems":true,"showVisualEffectGraphs":true,"m_FxEnabled":true},"in2DMode":false,"pivot":{"x":0.41311681270599368,"y":1.9876211881637574,"z":0.1876901388168335},"rotation":{"x":-0.0948309451341629,"y":-0.3331092894077301,"z":0.033693697303533557,"w":-0.9375005960464478},"size":1.5073950290679932,"orthographic":false}