{"cameraMode":{"drawMode":0,"name":"Shaded","section":"Shading Mode"},"sceneLighting":false,"audioPlay":false,"sceneViewState":{"m_AlwaysRefresh":false,"showFog":true,"showSkybox":false,"showFlares":true,"showImageEffects":true,"showParticleSystems":true,"showVisualEffectGraphs":true,"m_FxEnabled":true},"in2DMode":false,"pivot":{"x":-3.725290298461914e-9,"y":-3.725290298461914e-9,"z":0.0036566630005836488},"rotation":{"x":0.0963885635137558,"y":-0.8967282772064209,"z":0.2412484735250473,"w":0.35827532410621645},"size":0.3196597695350647,"orthographic":false}